Company Name,Industry,Symbol,Yahoo_Symbol
360 ONE WAM Ltd.,Financial Services,360ONE,360ONE.NS
ABB India Ltd.,Capital Goods,ABB,ABB.NS
APL Apollo Tubes Ltd.,Capital Goods,APLAPOLLO,APLAPOLLO.NS
AU Small Finance Bank Ltd.,Financial Services,AUBANK,AUBANK.NS
Adani Energy Solutions Ltd.,Power,ADANIENSOL,ADANIENSOL.NS
Adani Enterprises Ltd.,Metals & Mining,ADANIENT,ADANIENT.NS
Adani Green Energy Ltd.,Power,ADANIGREEN,ADANIGREEN.NS
Adani Ports and Special Economic Zone Ltd.,Services,ADANIPORTS,ADANIPORTS.NS
Adani Power Ltd.,Power,ADANIPOWER,ADANIPOWER.NS
Adani Total Gas Ltd.,Oil Gas & Consumable Fuels,ATGL,ATGL.NS
Aditya Birla Capital Ltd.,Financial Services,ABCAPITAL,ABCAPITAL.NS
Alkem Laboratories Ltd.,Healthcare,ALKEM,ALKEM.NS
Ambuja Cements Ltd.,Construction Materials,AMBUJACEM,AMBUJACEM.NS
Apollo Hospitals Enterprise Ltd.,Healthcare,APOLLOHOSP,APOLLOHOSP.NS
Ashok Leyland Ltd.,Capital Goods,ASHOKLEY,ASHOKLEY.NS
Asian Paints Ltd.,Consumer Durables,ASIANPAINT,ASIANPAINT.NS
Astral Ltd.,Capital Goods,ASTRAL,ASTRAL.NS
Aurobindo Pharma Ltd.,Healthcare,AUROPHARMA,AUROPHARMA.NS
Avenue Supermarts Ltd.,Consumer Services,DMART,DMART.NS
Axis Bank Ltd.,Financial Services,AXISBANK,AXISBANK.NS
BSE Ltd.,Financial Services,BSE,BSE.NS
Bajaj Auto Ltd.,Automobile and Auto Components,BAJAJ-AUTO,BAJAJ-AUTO.NS
Bajaj Finance Ltd.,Financial Services,BAJFINANCE,BAJFINANCE.NS
Bajaj Finserv Ltd.,Financial Services,BAJAJFINSV,BAJAJFINSV.NS
Bajaj Holdings & Investment Ltd.,Financial Services,BAJAJHLDNG,BAJAJHLDNG.NS
Bank of Baroda,Financial Services,BANKBARODA,BANKBARODA.NS
Bank of India,Financial Services,BANKINDIA,BANKINDIA.NS
Bharat Dynamics Ltd.,Capital Goods,BDL,BDL.NS
Bharat Electronics Ltd.,Capital Goods,BEL,BEL.NS
Bharat Forge Ltd.,Automobile and Auto Components,BHARATFORG,BHARATFORG.NS
Bharat Heavy Electricals Ltd.,Capital Goods,BHEL,BHEL.NS
Bharat Petroleum Corporation Ltd.,Oil Gas & Consumable Fuels,BPCL,BPCL.NS
Bharti Airtel Ltd.,Telecommunication,BHARTIARTL,BHARTIARTL.NS
Billionbrains Garage Ventures Ltd.,Financial Services,GROWW,GROWW.NS
Biocon Ltd.,Healthcare,BIOCON,BIOCON.NS
Blue Star Ltd.,Consumer Durables,BLUESTARCO,BLUESTARCO.NS
Bosch Ltd.,Automobile and Auto Components,BOSCHLTD,BOSCHLTD.NS
Britannia Industries Ltd.,Fast Moving Consumer Goods,BRITANNIA,BRITANNIA.NS
CG Power and Industrial Solutions Ltd.,Capital Goods,CGPOWER,CGPOWER.NS
Canara Bank,Financial Services,CANBK,CANBK.NS
Cholamandalam Investment and Finance Company Ltd.,Financial Services,CHOLAFIN,CHOLAFIN.NS
Cipla Ltd.,Healthcare,CIPLA,CIPLA.NS
Coal India Ltd.,Oil Gas & Consumable Fuels,COALINDIA,COALINDIA.NS
Cochin Shipyard Ltd.,Capital Goods,COCHINSHIP,COCHINSHIP.NS
Coforge Ltd.,Information Technology,COFORGE,COFORGE.NS
Colgate Palmolive (India) Ltd.,Fast Moving Consumer Goods,COLPAL,COLPAL.NS
Container Corporation of India Ltd.,Services,CONCOR,CONCOR.NS
Coromandel International Ltd.,Chemicals,COROMANDEL,COROMANDEL.NS
Cummins India Ltd.,Capital Goods,CUMMINSIND,CUMMINSIND.NS
DLF Ltd.,Realty,DLF,DLF.NS
Dabur India Ltd.,Fast Moving Consumer Goods,DABUR,DABUR.NS
Divi's Laboratories Ltd.,Healthcare,DIVISLAB,DIVISLAB.NS
Dixon Technologies (India) Ltd.,Consumer Durables,DIXON,DIXON.NS
Dr. Reddy's Laboratories Ltd.,Healthcare,DRREDDY,DRREDDY.NS
Eicher Motors Ltd.,Automobile and Auto Components,EICHERMOT,EICHERMOT.NS
Eternal Ltd.,Consumer Services,ETERNAL,ETERNAL.NS
Exide Industries Ltd.,Automobile and Auto Components,EXIDEIND,EXIDEIND.NS
FSN E-Commerce Ventures Ltd.,Consumer Services,NYKAA,NYKAA.NS
Federal Bank Ltd.,Financial Services,FEDERALBNK,FEDERALBNK.NS
Fortis Healthcare Ltd.,Healthcare,FORTIS,FORTIS.NS
GAIL (India) Ltd.,Oil Gas & Consumable Fuels,GAIL,GAIL.NS
GE Vernova T&D India Ltd.,Capital Goods,GVT&D,GVT&D.NS
GMR Airports Ltd.,Services,GMRAIRPORT,GMRAIRPORT.NS
Glenmark Pharmaceuticals Ltd.,Healthcare,GLENMARK,GLENMARK.NS
Godfrey Phillips India Ltd.,Fast Moving Consumer Goods,GODFRYPHLP,GODFRYPHLP.NS
Godrej Consumer Products Ltd.,Fast Moving Consumer Goods,GODREJCP,GODREJCP.NS
Godrej Properties Ltd.,Realty,GODREJPROP,GODREJPROP.NS
Grasim Industries Ltd.,Construction Materials,GRASIM,GRASIM.NS
HCL Technologies Ltd.,Information Technology,HCLTECH,HCLTECH.NS
HDFC Asset Management Company Ltd.,Financial Services,HDFCAMC,HDFCAMC.NS
HDFC Bank Ltd.,Financial Services,HDFCBANK,HDFCBANK.NS
HDFC Life Insurance Company Ltd.,Financial Services,HDFCLIFE,HDFCLIFE.NS
Havells India Ltd.,Consumer Durables,HAVELLS,HAVELLS.NS
Hero MotoCorp Ltd.,Automobile and Auto Components,HEROMOTOCO,HEROMOTOCO.NS
Hindalco Industries Ltd.,Metals & Mining,HINDALCO,HINDALCO.NS
Hindustan Aeronautics Ltd.,Capital Goods,HAL,HAL.NS
Hindustan Petroleum Corporation Ltd.,Oil Gas & Consumable Fuels,HINDPETRO,HINDPETRO.NS
Hindustan Unilever Ltd.,Fast Moving Consumer Goods,HINDUNILVR,HINDUNILVR.NS
Hindustan Zinc Ltd.,Metals & Mining,HINDZINC,HINDZINC.NS
Hitachi Energy India Ltd.,Capital Goods,POWERINDIA,POWERINDIA.NS
Housing & Urban Development Corporation Ltd.,Financial Services,HUDCO,HUDCO.NS
Hyundai Motor India Ltd.,Automobile and Auto Components,HYUNDAI,HYUNDAI.NS
ICICI Bank Ltd.,Financial Services,ICICIBANK,ICICIBANK.NS
ICICI Lombard General Insurance Company Ltd.,Financial Services,ICICIGI,ICICIGI.NS
ICICI Prudential Asset Management Company Ltd.,Financial Services,ICICIAMC,ICICIAMC.NS
IDFC First Bank Ltd.,Financial Services,IDFCFIRSTB,IDFCFIRSTB.NS
ITC Ltd.,Fast Moving Consumer Goods,ITC,ITC.NS
Indian Bank,Financial Services,INDIANB,INDIANB.NS
Indian Hotels Co. Ltd.,Consumer Services,INDHOTEL,INDHOTEL.NS
Indian Oil Corporation Ltd.,Oil Gas & Consumable Fuels,IOC,IOC.NS
Indian Railway Catering And Tourism Corporation Ltd.,Consumer Services,IRCTC,IRCTC.NS
Indian Railway Finance Corporation Ltd.,Financial Services,IRFC,IRFC.NS
Indian Renewable Energy Development Agency Ltd.,Financial Services,IREDA,IREDA.NS
Indus Towers Ltd.,Telecommunication,INDUSTOWER,INDUSTOWER.NS
IndusInd Bank Ltd.,Financial Services,INDUSINDBK,INDUSINDBK.NS
Info Edge (India) Ltd.,Consumer Services,NAUKRI,NAUKRI.NS
Infosys Ltd.,Information Technology,INFY,INFY.NS
InterGlobe Aviation Ltd.,Services,INDIGO,INDIGO.NS
JSW Energy Ltd.,Power,JSWENERGY,JSWENERGY.NS
JSW Steel Ltd.,Metals & Mining,JSWSTEEL,JSWSTEEL.NS
Jindal Steel Ltd.,Metals & Mining,JINDALSTEL,JINDALSTEL.NS
Jio Financial Services Ltd.,Financial Services,JIOFIN,JIOFIN.NS
Jubilant Foodworks Ltd.,Consumer Services,JUBLFOOD,JUBLFOOD.NS
KEI Industries Ltd.,Capital Goods,KEI,KEI.NS
KPIT Technologies Ltd.,Information Technology,KPITTECH,KPITTECH.NS
Kalyan Jewellers India Ltd.,Consumer Durables,KALYANKJIL,KALYANKJIL.NS
Kotak Mahindra Bank Ltd.,Financial Services,KOTAKBANK,KOTAKBANK.NS
L&T Finance Ltd.,Financial Services,LTF,LTF.NS
LG Electronics India Ltd.,Consumer Durables,LGEINDIA,LGEINDIA.NS
LIC Housing Finance Ltd.,Financial Services,LICHSGFIN,LICHSGFIN.NS
LTM Ltd.,Information Technology,LTM,LTM.NS
Larsen & Toubro Ltd.,Construction,LT,LT.NS
Laurus Labs Ltd.,Healthcare,LAURUSLABS,LAURUSLABS.NS
Lenskart Solutions Ltd.,Consumer Services,LENSKART,LENSKART.NS
Lodha Developers Ltd.,Realty,LODHA,LODHA.NS
Lupin Ltd.,Healthcare,LUPIN,LUPIN.NS
MRF Ltd.,Automobile and Auto Components,MRF,MRF.NS
Mahindra & Mahindra Financial Services Ltd.,Financial Services,M&MFIN,M&MFIN.NS
Mahindra & Mahindra Ltd.,Automobile and Auto Components,M&M,M&M.NS
Mankind Pharma Ltd.,Healthcare,MANKIND,MANKIND.NS
Marico Ltd.,Fast Moving Consumer Goods,MARICO,MARICO.NS
Maruti Suzuki India Ltd.,Automobile and Auto Components,MARUTI,MARUTI.NS
Max Financial Services Ltd.,Financial Services,MFSL,MFSL.NS
Max Healthcare Institute Ltd.,Healthcare,MAXHEALTH,MAXHEALTH.NS
Mazagoan Dock Shipbuilders Ltd.,Capital Goods,MAZDOCK,MAZDOCK.NS
Motilal Oswal Financial Services Ltd.,Financial Services,MOTILALOFS,MOTILALOFS.NS
MphasiS Ltd.,Information Technology,MPHASIS,MPHASIS.NS
Multi Commodity Exchange of India Ltd.,Financial Services,MCX,MCX.NS
Muthoot Finance Ltd.,Financial Services,MUTHOOTFIN,MUTHOOTFIN.NS
NHPC Ltd.,Power,NHPC,NHPC.NS
NMDC Ltd.,Metals & Mining,NMDC,NMDC.NS
NTPC Ltd.,Power,NTPC,NTPC.NS
National Aluminium Co. Ltd.,Metals & Mining,NATIONALUM,NATIONALUM.NS
Nestle India Ltd.,Fast Moving Consumer Goods,NESTLEIND,NESTLEIND.NS
Oberoi Realty Ltd.,Realty,OBEROIRLTY,OBEROIRLTY.NS
Oil & Natural Gas Corporation Ltd.,Oil Gas & Consumable Fuels,ONGC,ONGC.NS
Oil India Ltd.,Oil Gas & Consumable Fuels,OIL,OIL.NS
One 97 Communications Ltd.,Financial Services,PAYTM,PAYTM.NS
Oracle Financial Services Software Ltd.,Information Technology,OFSS,OFSS.NS
PB Fintech Ltd.,Financial Services,POLICYBZR,POLICYBZR.NS
PI Industries Ltd.,Chemicals,PIIND,PIIND.NS
Page Industries Ltd.,Textiles,PAGEIND,PAGEIND.NS
Patanjali Foods Ltd.,Fast Moving Consumer Goods,PATANJALI,PATANJALI.NS
Persistent Systems Ltd.,Information Technology,PERSISTENT,PERSISTENT.NS
Phoenix Mills Ltd.,Realty,PHOENIXLTD,PHOENIXLTD.NS
Pidilite Industries Ltd.,Chemicals,PIDILITIND,PIDILITIND.NS
Polycab India Ltd.,Capital Goods,POLYCAB,POLYCAB.NS
Power Finance Corporation Ltd.,Financial Services,PFC,PFC.NS
Power Grid Corporation of India Ltd.,Power,POWERGRID,POWERGRID.NS
Premier Energies Ltd.,Capital Goods,PREMIERENE,PREMIERENE.NS
Prestige Estates Projects Ltd.,Realty,PRESTIGE,PRESTIGE.NS
Punjab National Bank,Financial Services,PNB,PNB.NS
REC Ltd.,Financial Services,RECLTD,RECLTD.NS
Radico Khaitan Ltd,Fast Moving Consumer Goods,RADICO,RADICO.NS
Rail Vikas Nigam Ltd.,Construction,RVNL,RVNL.NS
Reliance Industries Ltd.,Oil Gas & Consumable Fuels,RELIANCE,RELIANCE.NS
SBI Cards and Payment Services Ltd.,Financial Services,SBICARD,SBICARD.NS
SBI Life Insurance Company Ltd.,Financial Services,SBILIFE,SBILIFE.NS
SRF Ltd.,Chemicals,SRF,SRF.NS
Samvardhana Motherson International Ltd.,Automobile and Auto Components,MOTHERSON,MOTHERSON.NS
Shree Cement Ltd.,Construction Materials,SHREECEM,SHREECEM.NS
Shriram Finance Ltd.,Financial Services,SHRIRAMFIN,SHRIRAMFIN.NS
Siemens Energy India Ltd.,Capital Goods,ENRIN,ENRIN.NS
Siemens Ltd.,Capital Goods,SIEMENS,SIEMENS.NS
Solar Industries India Ltd.,Chemicals,SOLARINDS,SOLARINDS.NS
State Bank of India,Financial Services,SBIN,SBIN.NS
Steel Authority of India Ltd.,Metals & Mining,SAIL,SAIL.NS
Sun Pharmaceutical Industries Ltd.,Healthcare,SUNPHARMA,SUNPHARMA.NS
Supreme Industries Ltd.,Capital Goods,SUPREMEIND,SUPREMEIND.NS
Suzlon Energy Ltd.,Capital Goods,SUZLON,SUZLON.NS
Swiggy Ltd.,Consumer Services,SWIGGY,SWIGGY.NS
TVS Motor Company Ltd.,Automobile and Auto Components,TVSMOTOR,TVSMOTOR.NS
Tata Capital Ltd.,Financial Services,TATACAP,TATACAP.NS
Tata Communications Ltd.,Telecommunication,TATACOMM,TATACOMM.NS
Tata Consultancy Services Ltd.,Information Technology,TCS,TCS.NS
Tata Consumer Products Ltd.,Fast Moving Consumer Goods,TATACONSUM,TATACONSUM.NS
Tata Elxsi Ltd.,Information Technology,TATAELXSI,TATAELXSI.NS
Tata Investment Corporation Ltd.,Financial Services,TATAINVEST,TATAINVEST.NS
Tata Motors Ltd.,Capital Goods,TMCV,TMCV.NS
Tata Motors Passenger Vehicles Ltd.,Automobile and Auto Components,TMPV,TMPV.NS
Tata Power Co. Ltd.,Power,TATAPOWER,TATAPOWER.NS
Tata Steel Ltd.,Metals & Mining,TATASTEEL,TATASTEEL.NS
Tech Mahindra Ltd.,Information Technology,TECHM,TECHM.NS
Titan Company Ltd.,Consumer Durables,TITAN,TITAN.NS
Torrent Pharmaceuticals Ltd.,Healthcare,TORNTPHARM,TORNTPHARM.NS
Trent Ltd.,Consumer Services,TRENT,TRENT.NS
Tube Investments of India Ltd.,Automobile and Auto Components,TIINDIA,TIINDIA.NS
UPL Ltd.,Chemicals,UPL,UPL.NS
UltraTech Cement Ltd.,Construction Materials,ULTRACEMCO,ULTRACEMCO.NS
Union Bank of India,Financial Services,UNIONBANK,UNIONBANK.NS
United Spirits Ltd.,Fast Moving Consumer Goods,UNITDSPR,UNITDSPR.NS
Varun Beverages Ltd.,Fast Moving Consumer Goods,VBL,VBL.NS
Vedanta Ltd.,Metals & Mining,VEDL,VEDL.NS
Vishal Mega Mart Ltd.,Consumer Services,VMM,VMM.NS
Vodafone Idea Ltd.,Telecommunication,IDEA,IDEA.NS
Voltas Ltd.,Consumer Durables,VOLTAS,VOLTAS.NS
Waaree Energies Ltd.,Capital Goods,WAAREEENER,WAAREEENER.NS
Wipro Ltd.,Information Technology,WIPRO,WIPRO.NS
Yes Bank Ltd.,Financial Services,YESBANK,YESBANK.NS
Zydus Lifesciences Ltd.,Healthcare,ZYDUSLIFE,ZYDUSLIFE.NS
